dataset_id,imagem_id,face_id,num_faces,bbox_x,bbox_y,bbox_w,bbox_h,raca,confianca_raca,genero,confianca_genero
original-64,2f5b5c90827a0fde,2f5b5c90827a0fde_f001,10,897,261,57,72,white,35.791934967041016,Man,77.35052490234375
original-64,2f5b5c90827a0fde,2f5b5c90827a0fde_f002,10,635,275,65,79,white,86.27979278564453,Man,98.13449096679688
original-64,2f5b5c90827a0fde,2f5b5c90827a0fde_f003,10,411,284,73,93,middle eastern,45.87033462524414,Woman,78.57192993164062
original-64,2f5b5c90827a0fde,2f5b5c90827a0fde_f004,10,1295,289,66,88,white,82.62635040283203,Man,94.41829681396484
original-64,2f5b5c90827a0fde,2f5b5c90827a0fde_f005,10,1073,290,81,103,white,28.927978515625,Woman,94.32881927490234
original-64,2f5b5c90827a0fde,2f5b5c90827a0fde_f006,10,102,299,84,108,white,32.40751266479492,Woman,99.8590087890625
original-64,2f5b5c90827a0fde,2f5b5c90827a0fde_f007,10,721,322,120,168,latino hispanic,44.51028823852539,Man,99.91838073730469
original-64,2f5b5c90827a0fde,2f5b5c90827a0fde_f008,10,1404,341,90,117,asian,86.7073745727539,Woman,99.55464935302734
original-64,2f5b5c90827a0fde,2f5b5c90827a0fde_f009,10,249,350,131,176,latino hispanic,41.194705963134766,Woman,98.93572998046875
original-64,2f5b5c90827a0fde,2f5b5c90827a0fde_f010,10,1226,359,108,141,latino hispanic,30.638500213623047,Man,99.97517395019531
original-64,db4dc201d6d69861,db4dc201d6d69861_f001,4,874,333,150,186,latino hispanic,30.868595123291016,Woman,93.25656127929688
original-64,db4dc201d6d69861,db4dc201d6d69861_f002,4,539,339,139,172,asian,30.899568557739258,Man,97.81723022460938
original-64,db4dc201d6d69861,db4dc201d6d69861_f003,4,1245,348,145,186,latino hispanic,26.397079467773438,Man,92.49361419677734
original-64,db4dc201d6d69861,db4dc201d6d69861_f004,4,174,351,145,193,black,99.22904968261719,Woman,99.74571228027344
original-64,feac2d8422f45b05,feac2d8422f45b05_f001,5,458,169,91,117,black,100.0,Man,98.45123291015625
original-64,feac2d8422f45b05,feac2d8422f45b05_f002,5,675,238,65,85,asian,31.559410095214844,Woman,84.38533020019531
original-64,feac2d8422f45b05,feac2d8422f45b05_f003,5,942,238,56,74,latino hispanic,27.124250411987305,Man,96.63793182373047
original-64,feac2d8422f45b05,feac2d8422f45b05_f004,5,162,269,66,87,black,97.90984344482422,Woman,81.92111206054688
original-64,feac2d8422f45b05,feac2d8422f45b05_f005,5,1285,272,67,88,white,43.03670120239258,Man,98.75740051269531
original-64,790165ffc6b78197,790165ffc6b78197_f001,4,834,248,78,109,white,46.27902603149414,Man,99.99803161621094
original-64,790165ffc6b78197,790165ffc6b78197_f002,4,172,251,78,113,black,98.07842254638672,Man,82.3885498046875
original-64,790165ffc6b78197,790165ffc6b78197_f003,4,366,305,79,108,white,77.20116424560547,Woman,99.99842834472656
original-64,790165ffc6b78197,790165ffc6b78197_f004,4,573,308,89,118,asian,29.601818084716797,Woman,68.58073425292969
original-64,febdc259e57b8ed6,febdc259e57b8ed6_f001,6,602,110,129,183,black,100.0,Man,99.10680389404297
original-64,febdc259e57b8ed6,febdc259e57b8ed6_f002,6,853,278,117,149,middle eastern,34.04356384277344,Man,89.26227569580078
original-64,febdc259e57b8ed6,febdc259e57b8ed6_f003,6,1282,302,134,196,asian,72.39856719970703,Man,97.22046661376953
original-64,febdc259e57b8ed6,febdc259e57b8ed6_f004,6,1086,308,127,165,latino hispanic,51.99253463745117,Woman,99.97952270507812
original-64,febdc259e57b8ed6,febdc259e57b8ed6_f005,6,146,311,142,202,middle eastern,43.60871505737305,Man,99.87976837158203
original-64,febdc259e57b8ed6,febdc259e57b8ed6_f006,6,421,345,125,172,asian,44.63723373413086,Woman,99.96766662597656
original-64,cc8063e341c122e7,cc8063e341c122e7_f001,9,240,152,88,129,black,99.99968719482422,Man,95.18881225585938
original-64,cc8063e341c122e7,cc8063e341c122e7_f002,9,407,211,78,112,white,37.02110290527344,Man,99.65091705322266
original-64,cc8063e341c122e7,cc8063e341c122e7_f003,9,817,235,78,110,white,65.84523010253906,Man,99.87994384765625
original-64,cc8063e341c122e7,cc8063e341c122e7_f004,9,1318,257,101,128,white,58.279544830322266,Man,99.50988006591797
original-64,cc8063e341c122e7,cc8063e341c122e7_f005,9,584,261,83,123,asian,80.26123809814453,Woman,75.11689758300781
original-64,cc8063e341c122e7,cc8063e341c122e7_f006,9,1118,299,87,115,asian,43.229591369628906,Woman,95.96110534667969
original-64,cc8063e341c122e7,cc8063e341c122e7_f007,9,959,302,81,107,asian,58.58376693725586,Woman,66.16946411132812
original-64,cc8063e341c122e7,cc8063e341c122e7_f008,9,103,318,90,123,white,57.35552215576172,Woman,99.98359680175781
original-64,cc8063e341c122e7,cc8063e341c122e7_f009,9,730,332,96,127,asian,47.9686164855957,Woman,99.99945068359375
original-64,f09fbd232863de99,f09fbd232863de99_f001,6,612,262,88,131,white,60.5318717956543,Man,99.9207763671875
original-64,f09fbd232863de99,f09fbd232863de99_f002,6,373,286,84,121,asian,41.928688049316406,Woman,99.46031188964844
original-64,f09fbd232863de99,f09fbd232863de99_f003,6,31,295,88,134,black,99.99947357177734,Man,97.0094985961914
original-64,f09fbd232863de99,f09fbd232863de99_f004,6,185,317,79,112,asian,41.895137786865234,Woman,99.51377868652344
original-64,f09fbd232863de99,f09fbd232863de99_f005,6,891,336,79,116,latino hispanic,30.38563346862793,Woman,99.73511505126953
original-64,f09fbd232863de99,f09fbd232863de99_f006,6,747,524,93,133,white,71.7369384765625,Man,98.51171112060547
original-64,c791f03909105484,c791f03909105484_f001,8,707,160,81,111,black,99.95823669433594,Man,98.5331039428711
original-64,c791f03909105484,c791f03909105484_f002,8,482,180,84,114,asian,52.764190673828125,Woman,97.06141662597656
original-64,c791f03909105484,c791f03909105484_f003,8,241,193,95,129,white,30.59517478942871,Man,98.84090423583984
original-64,c791f03909105484,c791f03909105484_f004,8,937,198,97,156,white,72.57515716552734,Man,98.21939086914062
original-64,c791f03909105484,c791f03909105484_f005,8,820,258,84,110,asian,50.34700012207031,Man,88.07795715332031
original-64,c791f03909105484,c791f03909105484_f006,8,128,259,86,125,middle eastern,36.80367660522461,Woman,99.97250366210938
original-64,c791f03909105484,c791f03909105484_f007,8,1270,260,85,114,asian,42.08869934082031,Man,52.5426025390625
original-64,c791f03909105484,c791f03909105484_f008,8,454,436,98,138,white,93.69483947753906,Woman,99.77812194824219
original-64,c1138559992f7ff3,c1138559992f7ff3_f001,14,644,414,36,47,asian,58.2669792175293,Man,99.04853820800781
original-64,c1138559992f7ff3,c1138559992f7ff3_f002,14,485,428,35,48,asian,48.72319412231445,Man,96.4295654296875
original-64,c1138559992f7ff3,c1138559992f7ff3_f003,14,1791,439,35,45,asian,35.83884811401367,Woman,93.31523895263672
original-64,c1138559992f7ff3,c1138559992f7ff3_f004,14,1270,459,34,43,asian,68.67668151855469,Man,99.73554992675781
original-64,c1138559992f7ff3,c1138559992f7ff3_f005,14,855,481,35,50,white,53.44258499145508,Woman,60.85829162597656
original-64,c1138559992f7ff3,c1138559992f7ff3_f006,14,703,499,35,50,white,36.832862854003906,Man,98.52667999267578
original-64,c1138559992f7ff3,c1138559992f7ff3_f007,14,1497,510,32,45,indian,44.09075164794922,Man,90.08016967773438
original-64,c1138559992f7ff3,c1138559992f7ff3_f008,14,242,535,46,63,latino hispanic,38.684993743896484,Man,99.48846435546875
original-64,c1138559992f7ff3,c1138559992f7ff3_f009,14,1098,563,35,54,white,82.92494201660156,Woman,97.79710388183594
original-64,c1138559992f7ff3,c1138559992f7ff3_f010,14,948,578,37,58,latino hispanic,34.06561279296875,Man,93.94268798828125
original-64,c1138559992f7ff3,c1138559992f7ff3_f011,14,2650,612,39,78,white,47.07523727416992,Man,70.58511352539062
original-64,c1138559992f7ff3,c1138559992f7ff3_f012,14,126,624,60,89,asian,99.92609405517578,Man,89.4771957397461
original-64,c1138559992f7ff3,c1138559992f7ff3_f013,14,301,631,64,102,white,49.735233306884766,Man,81.22868347167969
original-64,c1138559992f7ff3,c1138559992f7ff3_f014,14,405,694,64,111,white,26.848363876342773,Man,81.85469818115234
original-64,b2a767ba1f262934,b2a767ba1f262934_f001,5,799,462,133,222,middle eastern,57.09611129760742,Woman,98.58341979980469
original-64,b2a767ba1f262934,b2a767ba1f262934_f002,5,449,508,174,309,white,54.6045036315918,Man,99.90919494628906
original-64,b2a767ba1f262934,b2a767ba1f262934_f003,5,1922,509,144,205,black,99.99878692626953,Man,54.05632400512695
original-64,b2a767ba1f262934,b2a767ba1f262934_f004,5,2172,517,166,267,white,55.33816146850586,Man,98.61573028564453
original-64,b2a767ba1f262934,b2a767ba1f262934_f005,5,1358,523,132,166,white,91.38514709472656,Man,84.36897277832031
original-64,2cf8146cf8ae10e3,2cf8146cf8ae10e3_f001,7,350,533,74,106,white,62.58367919921875,Woman,89.43425750732422
original-64,2cf8146cf8ae10e3,2cf8146cf8ae10e3_f002,7,615,544,41,54,middle eastern,36.17264938354492,Man,99.0535659790039
original-64,2cf8146cf8ae10e3,2cf8146cf8ae10e3_f003,7,1353,547,55,69,asian,96.62943267822266,Man,99.96835327148438
original-64,2cf8146cf8ae10e3,2cf8146cf8ae10e3_f004,7,1615,562,50,65,black,99.9998550415039,Man,98.33242797851562
original-64,2cf8146cf8ae10e3,2cf8146cf8ae10e3_f005,7,1886,586,49,59,asian,38.45658493041992,Man,98.93241882324219
original-64,2cf8146cf8ae10e3,2cf8146cf8ae10e3_f006,7,976,605,32,41,white,31.05253791809082,Man,99.87030029296875
original-64,2cf8146cf8ae10e3,2cf8146cf8ae10e3_f007,7,2195,680,70,94,latino hispanic,32.97309112548828,Man,99.70706939697266
original-64,d324cdfbd99853c4,d324cdfbd99853c4_f001,7,272,492,107,130,middle eastern,36.642112731933594,Man,99.57035064697266
original-64,d324cdfbd99853c4,d324cdfbd99853c4_f002,7,1138,492,100,135,black,41.24834442138672,Man,99.71177673339844
original-64,d324cdfbd99853c4,d324cdfbd99853c4_f003,7,2310,566,108,145,white,48.45458984375,Man,99.87438201904297
original-64,d324cdfbd99853c4,d324cdfbd99853c4_f004,7,809,571,99,129,latino hispanic,32.331722259521484,Woman,99.93524169921875
original-64,d324cdfbd99853c4,d324cdfbd99853c4_f005,7,466,585,107,142,latino hispanic,54.18077087402344,Woman,99.99995422363281
original-64,d324cdfbd99853c4,d324cdfbd99853c4_f006,7,1522,620,94,137,latino hispanic,37.277408599853516,Man,99.67475891113281
original-64,d324cdfbd99853c4,d324cdfbd99853c4_f007,7,1955,634,96,134,latino hispanic,41.933021545410156,Woman,99.95957946777344
original-64,6249ecd04b03035b,6249ecd04b03035b_f001,6,1598,415,108,119,white,50.49605941772461,Man,96.2183609008789
original-64,6249ecd04b03035b,6249ecd04b03035b_f002,6,130,456,70,82,asian,54.443817138671875,Man,99.49720764160156
original-64,6249ecd04b03035b,6249ecd04b03035b_f003,6,1180,469,104,142,white,44.58744430541992,Man,99.99864196777344
original-64,6249ecd04b03035b,6249ecd04b03035b_f004,6,932,531,104,154,asian,36.07781982421875,Woman,97.18318939208984
original-64,6249ecd04b03035b,6249ecd04b03035b_f005,6,2213,555,124,172,black,44.693111419677734,Man,97.96615600585938
original-64,6249ecd04b03035b,6249ecd04b03035b_f006,6,618,660,113,183,asian,86.20038604736328,Woman,87.10441589355469
original-64,a8a94a9fac7ce63e,a8a94a9fac7ce63e_f001,23,1859,134,61,80,asian,52.02672576904297,Man,99.25028991699219
original-64,a8a94a9fac7ce63e,a8a94a9fac7ce63e_f002,23,656,173,56,66,asian,32.631141662597656,Man,72.51333618164062
original-64,a8a94a9fac7ce63e,a8a94a9fac7ce63e_f003,23,517,179,61,79,latino hispanic,34.441436767578125,Woman,99.86931610107422
original-64,a8a94a9fac7ce63e,a8a94a9fac7ce63e_f004,23,337,180,74,95,asian,56.47922897338867,Woman,83.68223571777344
original-64,a8a94a9fac7ce63e,a8a94a9fac7ce63e_f005,23,1625,182,63,79,asian,48.51988983154297,Woman,96.30792236328125
original-64,a8a94a9fac7ce63e,a8a94a9fac7ce63e_f006,23,163,206,91,107,latino hispanic,31.359291076660156,Woman,99.45672607421875
original-64,a8a94a9fac7ce63e,a8a94a9fac7ce63e_f007,23,2531,207,61,79,indian,38.605316162109375,Woman,99.9198989868164
original-64,a8a94a9fac7ce63e,a8a94a9fac7ce63e_f008,23,868,219,38,49,asian,69.29764556884766,Man,80.81356048583984
original-64,a8a94a9fac7ce63e,a8a94a9fac7ce63e_f009,23,779,220,50,64,asian,41.56413650512695,Man,72.96967315673828
original-64,a8a94a9fac7ce63e,a8a94a9fac7ce63e_f010,23,953,230,41,51,white,43.39925003051758,Man,99.18071746826172
original-64,a8a94a9fac7ce63e,a8a94a9fac7ce63e_f011,23,2066,243,56,68,asian,45.899925231933594,Woman,98.9485092163086
original-64,a8a94a9fac7ce63e,a8a94a9fac7ce63e_f012,23,2457,832,78,123,white,31.913951873779297,Man,65.73540496826172
original-64,a8a94a9fac7ce63e,a8a94a9fac7ce63e_f013,23,1071,856,62,91,indian,30.880510330200195,Man,99.34999084472656
original-64,a8a94a9fac7ce63e,a8a94a9fac7ce63e_f014,23,1684,864,65,104,asian,81.35612487792969,Man,93.59908294677734
original-64,a8a94a9fac7ce63e,a8a94a9fac7ce63e_f015,23,2209,865,60,80,latino hispanic,36.750022888183594,Man,78.99749755859375
original-64,a8a94a9fac7ce63e,a8a94a9fac7ce63e_f016,23,2048,866,41,61,middle eastern,45.87440872192383,Man,99.11383819580078
original-64,a8a94a9fac7ce63e,a8a94a9fac7ce63e_f017,23,2296,872,61,89,asian,49.81484603881836,Man,89.73748779296875
original-64,a8a94a9fac7ce63e,a8a94a9fac7ce63e_f018,23,204,888,95,116,white,33.58048629760742,Woman,99.97144317626953
original-64,a8a94a9fac7ce63e,a8a94a9fac7ce63e_f019,23,1231,921,49,72,middle eastern,43.900718688964844,Man,98.9388656616211
original-64,a8a94a9fac7ce63e,a8a94a9fac7ce63e_f020,23,402,922,75,96,latino hispanic,28.88121223449707,Woman,99.97367095947266
original-64,a8a94a9fac7ce63e,a8a94a9fac7ce63e_f021,23,2032,933,32,45,white,31.6309757232666,Man,78.97488403320312
original-64,a8a94a9fac7ce63e,a8a94a9fac7ce63e_f022,23,1917,937,31,38,asian,22.466482162475586,Man,69.79610443115234
original-64,a8a94a9fac7ce63e,a8a94a9fac7ce63e_f023,23,900,961,31,40,asian,76.10932159423828,Woman,86.58045196533203
original-64,9a6e1dccb3179fad,9a6e1dccb3179fad_f001,11,1074,566,33,49,asian,27.265464782714844,Man,52.63528823852539
original-64,9a6e1dccb3179fad,9a6e1dccb3179fad_f002,11,1244,570,50,63,latino hispanic,26.620256423950195,Man,99.77899932861328
original-64,9a6e1dccb3179fad,9a6e1dccb3179fad_f003,11,2089,577,122,174,white,96.98411560058594,Man,99.96784973144531
original-64,9a6e1dccb3179fad,9a6e1dccb3179fad_f004,11,1480,581,43,69,white,29.40134048461914,Man,92.48065948486328
original-64,9a6e1dccb3179fad,9a6e1dccb3179fad_f005,11,468,584,43,71,white,41.64164352416992,Woman,87.40280151367188
original-64,9a6e1dccb3179fad,9a6e1dccb3179fad_f006,11,732,595,45,57,latino hispanic,37.58296585083008,Man,98.27433776855469
original-64,9a6e1dccb3179fad,9a6e1dccb3179fad_f007,11,2327,650,85,131,latino hispanic,25.60468292236328,Man,86.08934020996094
original-64,9a6e1dccb3179fad,9a6e1dccb3179fad_f008,11,913,652,97,135,latino hispanic,35.24425506591797,Woman,99.773681640625
original-64,9a6e1dccb3179fad,9a6e1dccb3179fad_f009,11,1381,672,96,118,white,69.01527404785156,Man,99.06207275390625
original-64,9a6e1dccb3179fad,9a6e1dccb3179fad_f010,11,674,717,86,132,indian,28.190410614013672,Woman,76.97596740722656
original-64,9a6e1dccb3179fad,9a6e1dccb3179fad_f011,11,339,847,94,149,white,42.78178405761719,Man,93.17477416992188
original-64,28f93bc3e4acc356,28f93bc3e4acc356_f001,26,21,611,52,60,asian,79.29232788085938,Man,99.05099487304688
original-64,28f93bc3e4acc356,28f93bc3e4acc356_f002,26,588,621,65,82,white,54.249454498291016,Man,98.45238494873047
original-64,28f93bc3e4acc356,28f93bc3e4acc356_f003,26,1929,626,67,85,black,70.35179138183594,Man,64.19015502929688
original-64,28f93bc3e4acc356,28f93bc3e4acc356_f004,26,853,629,59,72,asian,25.635330200195312,Man,96.77178192138672
original-64,28f93bc3e4acc356,28f93bc3e4acc356_f005,26,2135,635,46,64,latino hispanic,27.699010848999023,Man,69.12532043457031
original-64,28f93bc3e4acc356,28f93bc3e4acc356_f006,26,2424,635,63,91,white,42.19337463378906,Man,87.82337951660156
original-64,28f93bc3e4acc356,28f93bc3e4acc356_f007,26,2722,637,45,62,asian,33.17655944824219,Man,66.05101013183594
original-64,28f93bc3e4acc356,28f93bc3e4acc356_f008,26,2171,639,61,78,white,85.2688217163086,Woman,97.6820068359375
original-64,28f93bc3e4acc356,28f93bc3e4acc356_f009,26,955,640,41,49,white,52.9722900390625,Man,98.75877380371094
original-64,28f93bc3e4acc356,28f93bc3e4acc356_f010,26,1176,643,48,56,asian,26.134145736694336,Man,98.89894104003906
original-64,28f93bc3e4acc356,28f93bc3e4acc356_f011,26,492,646,46,63,white,93.82381439208984,Man,98.62858581542969
original-64,28f93bc3e4acc356,28f93bc3e4acc356_f012,26,2264,646,46,68,white,64.36334228515625,Woman,79.50462341308594
original-64,28f93bc3e4acc356,28f93bc3e4acc356_f013,26,1560,649,43,58,asian,87.39610290527344,Man,79.61976623535156
original-64,28f93bc3e4acc356,28f93bc3e4acc356_f014,26,1833,651,53,67,white,53.10322189331055,Woman,99.98906707763672
original-64,28f93bc3e4acc356,28f93bc3e4acc356_f015,26,2631,651,61,76,white,33.55509567260742,Woman,76.48324584960938
original-64,28f93bc3e4acc356,28f93bc3e4acc356_f016,26,2364,656,50,68,latino hispanic,28.049915313720703,Woman,97.12627410888672
original-64,28f93bc3e4acc356,28f93bc3e4acc356_f017,26,367,657,70,88,asian,75.77835845947266,Man,62.83047103881836
original-64,28f93bc3e4acc356,28f93bc3e4acc356_f018,26,657,657,50,69,white,57.18241500854492,Woman,99.99756622314453
original-64,28f93bc3e4acc356,28f93bc3e4acc356_f019,26,741,657,54,67,asian,48.25969696044922,Woman,99.98561096191406
original-64,28f93bc3e4acc356,28f93bc3e4acc356_f020,26,2082,659,44,55,asian,27.020751953125,Man,72.45663452148438
original-64,28f93bc3e4acc356,28f93bc3e4acc356_f021,26,1687,666,35,49,asian,22.861873626708984,Man,85.52436828613281
original-64,28f93bc3e4acc356,28f93bc3e4acc356_f022,26,205,669,73,97,white,79.33228302001953,Woman,99.99031829833984
original-64,28f93bc3e4acc356,28f93bc3e4acc356_f023,26,1755,677,37,48,latino hispanic,41.82939910888672,Woman,95.25541687011719
original-64,28f93bc3e4acc356,28f93bc3e4acc356_f024,26,48,690,71,88,latino hispanic,28.359630584716797,Woman,99.66622924804688
original-64,28f93bc3e4acc356,28f93bc3e4acc356_f025,26,1614,729,61,80,white,53.56583786010742,Man,99.99919128417969
original-64,28f93bc3e4acc356,28f93bc3e4acc356_f026,26,1199,754,55,68,white,74.7894287109375,Man,61.49464797973633
original-64,67c6282c347f4d74,67c6282c347f4d74_f001,4,151,215,87,112,black,23.366077423095703,Man,83.26205444335938
original-64,67c6282c347f4d74,67c6282c347f4d74_f002,4,376,225,224,312,white,99.6019287109375,Woman,97.36180114746094
original-64,67c6282c347f4d74,67c6282c347f4d74_f003,4,818,275,185,233,white,71.70967102050781,Man,99.35887145996094
original-64,67c6282c347f4d74,67c6282c347f4d74_f004,4,0,285,123,170,asian,79.13697052001953,Man,91.68773651123047
original-64,6b3cb43541ae3092,6b3cb43541ae3092_f001,4,561,191,283,383,latino hispanic,31.15290069580078,Man,99.98985290527344
original-64,6b3cb43541ae3092,6b3cb43541ae3092_f002,4,17,231,120,152,white,22.456153869628906,Man,89.83818054199219
original-64,6b3cb43541ae3092,6b3cb43541ae3092_f003,4,306,270,169,219,black,99.96975708007812,Man,96.84282684326172
original-64,6b3cb43541ae3092,6b3cb43541ae3092_f004,4,151,310,123,163,middle eastern,34.85322189331055,Man,64.20930480957031
original-64,2c8d59695a430363,2c8d59695a430363_f001,2,470,67,90,113,white,88.46588897705078,Man,99.87045288085938
original-64,2c8d59695a430363,2c8d59695a430363_f002,2,207,263,62,78,asian,66.22894287109375,Woman,87.95328521728516
original-64,3610e992f9ab2ebf,3610e992f9ab2ebf_f001,4,213,487,39,53,middle eastern,35.79097366333008,Man,99.82776641845703
original-64,3610e992f9ab2ebf,3610e992f9ab2ebf_f002,4,648,497,22,29,black,45.637420654296875,Woman,62.32246017456055
original-64,3610e992f9ab2ebf,3610e992f9ab2ebf_f003,4,306,516,22,26,asian,35.9963493347168,Man,78.2219009399414
original-64,3610e992f9ab2ebf,3610e992f9ab2ebf_f004,4,335,530,33,45,middle eastern,49.84762191772461,Man,99.66527557373047
original-64,9302eed982fc75c8,9302eed982fc75c8_f001,3,460,348,122,169,black,99.99930572509766,Man,99.80542755126953
original-64,9302eed982fc75c8,9302eed982fc75c8_f002,3,56,413,98,138,white,83.55713653564453,Woman,55.27997589111328
original-64,9302eed982fc75c8,9302eed982fc75c8_f003,3,865,439,136,182,asian,43.86946105957031,Man,98.13687896728516
original-64,1d5af52fb5739913,1d5af52fb5739913_f001,4,395,198,139,189,black,100.0,Man,99.81591033935547
original-64,1d5af52fb5739913,1d5af52fb5739913_f002,4,111,225,157,187,black,100.0,Man,99.42235565185547
original-64,1d5af52fb5739913,1d5af52fb5739913_f003,4,618,266,129,182,black,99.99967956542969,Man,59.48286819458008
original-64,1d5af52fb5739913,1d5af52fb5739913_f004,4,791,316,147,189,white,80.2404556274414,Woman,92.2896957397461
original-64,552dd4951945f9db,552dd4951945f9db_f001,5,591,300,49,61,asian,25.657861709594727,Man,98.2894515991211
original-64,552dd4951945f9db,552dd4951945f9db_f002,5,371,319,49,62,middle eastern,42.80393600463867,Man,86.93502807617188
original-64,552dd4951945f9db,552dd4951945f9db_f003,5,760,329,43,62,asian,49.1229362487793,Man,67.82135009765625
original-64,552dd4951945f9db,552dd4951945f9db_f004,5,85,438,61,85,latino hispanic,27.876266479492188,Man,91.57217407226562
original-64,552dd4951945f9db,552dd4951945f9db_f005,5,852,443,60,84,indian,51.11038589477539,Man,92.36031341552734
original-64,540cbcbe1d00b195,540cbcbe1d00b195_f001,5,283,342,72,89,black,28.83194351196289,Man,61.763160705566406
original-64,540cbcbe1d00b195,540cbcbe1d00b195_f002,5,564,344,125,177,white,75.72867584228516,Woman,74.66813659667969
original-64,540cbcbe1d00b195,540cbcbe1d00b195_f003,5,448,401,85,133,asian,25.528532028198242,Man,68.13520050048828
original-64,540cbcbe1d00b195,540cbcbe1d00b195_f004,5,877,406,70,97,white,25.28773307800293,Woman,72.80540466308594
original-64,540cbcbe1d00b195,540cbcbe1d00b195_f005,5,322,416,86,118,black,74.10499572753906,Man,68.73527526855469
original-64,09014145b39d880a,09014145b39d880a_f001,4,981,376,23,33,white,85.67726135253906,Woman,88.9378662109375
original-64,09014145b39d880a,09014145b39d880a_f002,4,795,393,30,47,white,56.71253967285156,Man,99.42434692382812
original-64,09014145b39d880a,09014145b39d880a_f003,4,437,408,22,40,white,61.470394134521484,Man,95.89224243164062
original-64,09014145b39d880a,09014145b39d880a_f004,4,726,662,51,98,white,38.70782470703125,Man,82.34521484375
original-64,0ffdd25df2cea01a,0ffdd25df2cea01a_f001,7,110,368,25,32,white,23.042110443115234,Man,86.75870513916016
original-64,0ffdd25df2cea01a,0ffdd25df2cea01a_f002,7,613,378,66,79,white,99.91087341308594,Woman,92.71442413330078
original-64,0ffdd25df2cea01a,0ffdd25df2cea01a_f003,7,331,408,72,84,latino hispanic,32.25086212158203,Man,99.98743438720703
original-64,0ffdd25df2cea01a,0ffdd25df2cea01a_f004,7,780,436,79,118,black,56.263999938964844,Man,98.6975326538086
original-64,0ffdd25df2cea01a,0ffdd25df2cea01a_f005,7,203,457,86,84,asian,32.07695007324219,Man,96.4819107055664
original-64,0ffdd25df2cea01a,0ffdd25df2cea01a_f006,7,58,475,80,116,asian,66.26105499267578,Man,69.23340606689453
original-64,0ffdd25df2cea01a,0ffdd25df2cea01a_f007,7,889,492,76,121,white,54.96342086791992,Man,62.83644485473633
original-64,f45ff622a69347f3,f45ff622a69347f3_f001,6,130,397,24,32,white,34.15815353393555,Man,97.97784423828125
original-64,f45ff622a69347f3,f45ff622a69347f3_f002,6,276,403,26,33,middle eastern,32.109310150146484,Man,98.15058135986328
original-64,f45ff622a69347f3,f45ff622a69347f3_f003,6,867,413,23,31,middle eastern,37.34634780883789,Man,94.4260025024414
original-64,f45ff622a69347f3,f45ff622a69347f3_f004,6,344,416,20,24,white,61.688514709472656,Man,99.9700927734375
original-64,f45ff622a69347f3,f45ff622a69347f3_f005,6,505,419,25,29,asian,22.629749298095703,Man,99.28162384033203
original-64,f45ff622a69347f3,f45ff622a69347f3_f006,6,677,463,26,31,white,33.156455993652344,Man,98.38145446777344
original-64,4af58d38375eb99f,4af58d38375eb99f_f001,7,410,485,33,46,white,60.63004684448242,Man,91.36445617675781
original-64,4af58d38375eb99f,4af58d38375eb99f_f002,7,270,486,31,44,white,59.024696350097656,Man,67.61105346679688
original-64,4af58d38375eb99f,4af58d38375eb99f_f003,7,859,510,35,43,white,40.505889892578125,Man,96.26973724365234
original-64,4af58d38375eb99f,4af58d38375eb99f_f004,7,560,514,32,42,middle eastern,56.187503814697266,Woman,97.9068374633789
original-64,4af58d38375eb99f,4af58d38375eb99f_f005,7,80,520,33,48,white,36.220367431640625,Woman,94.78915405273438
original-64,4af58d38375eb99f,4af58d38375eb99f_f006,7,722,525,32,43,middle eastern,27.172935485839844,Woman,99.45061492919922
original-64,4af58d38375eb99f,4af58d38375eb99f_f007,7,154,539,28,33,white,31.112960815429688,Man,91.8981704711914
original-64,f5cb1b1ebbe82281,f5cb1b1ebbe82281_f001,6,165,271,84,106,white,34.19453048706055,Man,95.79852294921875
original-64,f5cb1b1ebbe82281,f5cb1b1ebbe82281_f002,6,744,333,69,94,white,74.48094177246094,Man,81.00225067138672
original-64,f5cb1b1ebbe82281,f5cb1b1ebbe82281_f003,6,565,360,70,87,black,45.897430419921875,Man,99.30403137207031
original-64,f5cb1b1ebbe82281,f5cb1b1ebbe82281_f004,6,389,406,68,86,asian,65.17947387695312,Man,99.84862518310547
original-64,f5cb1b1ebbe82281,f5cb1b1ebbe82281_f005,6,212,452,65,92,white,91.43582153320312,Man,94.0804214477539
original-64,f5cb1b1ebbe82281,f5cb1b1ebbe82281_f006,6,729,463,68,98,white,88.24981689453125,Man,98.84899139404297
original-64,bdd3fbfbbe324396,bdd3fbfbbe324396_f001,19,914,109,22,26,white,86.49002838134766,Woman,54.27328872680664
original-64,bdd3fbfbbe324396,bdd3fbfbbe324396_f002,19,644,127,21,25,asian,34.65422058105469,Man,92.97727966308594
original-64,bdd3fbfbbe324396,bdd3fbfbbe324396_f003,19,409,133,21,27,white,62.71723556518555,Woman,98.822998046875
original-64,bdd3fbfbbe324396,bdd3fbfbbe324396_f004,19,725,162,21,28,white,32.09046173095703,Man,65.67996215820312
original-64,bdd3fbfbbe324396,bdd3fbfbbe324396_f005,19,339,163,20,28,asian,34.027259826660156,Woman,80.83969116210938
original-64,bdd3fbfbbe324396,bdd3fbfbbe324396_f006,19,258,166,20,26,latino hispanic,30.795352935791016,Man,76.07604217529297
original-64,bdd3fbfbbe324396,bdd3fbfbbe324396_f007,19,838,195,21,26,asian,97.20311737060547,Man,93.00244903564453
original-64,bdd3fbfbbe324396,bdd3fbfbbe324396_f008,19,548,219,25,28,asian,52.10287857055664,Man,97.33894348144531
original-64,bdd3fbfbbe324396,bdd3fbfbbe324396_f009,19,148,254,28,33,white,41.577880859375,Man,99.48209381103516
original-64,bdd3fbfbbe324396,bdd3fbfbbe324396_f010,19,245,292,24,29,asian,25.411298751831055,Woman,72.76384735107422
original-64,bdd3fbfbbe324396,bdd3fbfbbe324396_f011,19,753,302,23,30,white,99.94241333007812,Man,86.50069427490234
original-64,bdd3fbfbbe324396,bdd3fbfbbe324396_f012,19,29,664,26,35,asian,45.34486389160156,Man,97.35173034667969
original-64,bdd3fbfbbe324396,bdd3fbfbbe324396_f013,19,151,666,29,34,latino hispanic,40.5730094909668,Man,97.21147918701172
original-64,bdd3fbfbbe324396,bdd3fbfbbe324396_f014,19,484,667,30,35,latino hispanic,31.767120361328125,Man,98.65582275390625
original-64,bdd3fbfbbe324396,bdd3fbfbbe324396_f015,19,857,668,29,35,asian,33.4149055480957,Man,93.9258804321289
original-64,bdd3fbfbbe324396,bdd3fbfbbe324396_f016,19,735,702,30,42,asian,65.01557922363281,Woman,94.16436767578125
original-64,bdd3fbfbbe324396,bdd3fbfbbe324396_f017,19,596,705,29,37,latino hispanic,43.52589416503906,Woman,89.25665283203125
original-64,bdd3fbfbbe324396,bdd3fbfbbe324396_f018,19,271,806,29,45,white,41.034847259521484,Man,97.36871337890625
original-64,bdd3fbfbbe324396,bdd3fbfbbe324396_f019,19,9,941,46,61,white,43.546077728271484,Man,77.72461700439453
original-64,ab2a1c24fd082fed,ab2a1c24fd082fed_f001,10,420,197,33,40,white,27.255321502685547,Man,99.8860855102539
original-64,ab2a1c24fd082fed,ab2a1c24fd082fed_f002,10,521,238,22,26,latino hispanic,20.92971420288086,Man,90.18794250488281
original-64,ab2a1c24fd082fed,ab2a1c24fd082fed_f003,10,777,262,32,38,asian,27.00128173828125,Man,95.05146026611328
original-64,ab2a1c24fd082fed,ab2a1c24fd082fed_f004,10,653,264,22,37,asian,72.21809387207031,Man,73.35481262207031
original-64,ab2a1c24fd082fed,ab2a1c24fd082fed_f005,10,862,273,28,45,middle eastern,34.65819549560547,Man,99.48111724853516
original-64,ab2a1c24fd082fed,ab2a1c24fd082fed_f006,10,269,275,24,34,white,39.50235366821289,Woman,59.35517501831055
original-64,ab2a1c24fd082fed,ab2a1c24fd082fed_f007,10,157,289,25,35,middle eastern,31.035768508911133,Woman,86.8479995727539
original-64,ab2a1c24fd082fed,ab2a1c24fd082fed_f008,10,238,481,50,55,middle eastern,56.250667572021484,Man,99.98587036132812
original-64,ab2a1c24fd082fed,ab2a1c24fd082fed_f009,10,541,500,40,62,middle eastern,48.04118347167969,Man,99.95684051513672
original-64,ab2a1c24fd082fed,ab2a1c24fd082fed_f010,10,886,552,45,73,white,95.40757751464844,Man,99.01516723632812
original-64,a45570577eaff7ac,a45570577eaff7ac_f001,12,841,355,33,44,latino hispanic,22.238691329956055,Man,51.06481170654297
original-64,a45570577eaff7ac,a45570577eaff7ac_f002,12,217,357,34,43,white,30.510486602783203,Man,83.30593872070312
original-64,a45570577eaff7ac,a45570577eaff7ac_f003,12,612,358,28,38,white,23.36270523071289,Man,65.06460571289062
original-64,a45570577eaff7ac,a45570577eaff7ac_f004,12,790,381,27,39,asian,48.21323776245117,Man,66.3210220336914
original-64,a45570577eaff7ac,a45570577eaff7ac_f005,12,203,411,46,53,white,42.66704177856445,Man,95.89716339111328
original-64,a45570577eaff7ac,a45570577eaff7ac_f006,12,692,424,40,55,black,92.38395690917969,Man,62.38996505737305
original-64,a45570577eaff7ac,a45570577eaff7ac_f007,12,276,471,69,90,white,53.11313247680664,Woman,99.67779541015625
original-64,a45570577eaff7ac,a45570577eaff7ac_f008,12,219,484,60,92,latino hispanic,28.30143928527832,Man,77.72075653076172
original-64,a45570577eaff7ac,a45570577eaff7ac_f009,12,811,534,45,68,white,73.65705108642578,Man,96.15888977050781
original-64,a45570577eaff7ac,a45570577eaff7ac_f010,12,812,575,55,78,white,80.09996795654297,Woman,98.9984130859375
original-64,a45570577eaff7ac,a45570577eaff7ac_f011,12,740,650,71,93,asian,45.21144104003906,Woman,99.80845642089844
original-64,a45570577eaff7ac,a45570577eaff7ac_f012,12,851,695,77,113,white,58.1401481628418,Woman,96.85912322998047
original-64,da619029538abe18,da619029538abe18_f001,9,665,115,70,86,white,58.555274963378906,Woman,88.071533203125
original-64,da619029538abe18,da619029538abe18_f002,9,373,116,90,122,white,54.466732025146484,Man,99.99605560302734
original-64,da619029538abe18,da619029538abe18_f003,9,1174,126,67,86,white,68.93856048583984,Woman,93.22430419921875
original-64,da619029538abe18,da619029538abe18_f004,9,67,143,79,97,white,73.69906616210938,Woman,98.58898162841797
original-64,da619029538abe18,da619029538abe18_f005,9,895,148,66,83,white,45.20606994628906,Man,95.6377944946289
original-64,da619029538abe18,da619029538abe18_f006,9,824,214,107,137,white,98.94483184814453,Man,99.8770751953125
original-64,da619029538abe18,da619029538abe18_f007,9,1418,219,95,123,latino hispanic,42.21322250366211,Man,99.905029296875
original-64,da619029538abe18,da619029538abe18_f008,9,200,342,160,221,black,100.0,Man,99.68367767333984
original-64,da619029538abe18,da619029538abe18_f009,9,1067,389,135,174,white,55.56468200683594,Woman,92.6326904296875
original-64,d9994dc90b96bf46,d9994dc90b96bf46_f001,4,555,353,138,195,black,100.0,Man,98.39677429199219
original-64,d9994dc90b96bf46,d9994dc90b96bf46_f002,4,188,356,141,187,latino hispanic,33.57834243774414,Woman,72.63185119628906
original-64,d9994dc90b96bf46,d9994dc90b96bf46_f003,4,1167,370,142,190,white,66.40957641601562,Man,99.79804229736328
original-64,d9994dc90b96bf46,d9994dc90b96bf46_f004,4,926,397,125,162,white,90.14974212646484,Man,53.82387161254883
original-64,7a1cbcfff0e3bd18,7a1cbcfff0e3bd18_f001,4,618,209,83,107,white,75.64334106445312,Man,95.36305236816406
original-64,7a1cbcfff0e3bd18,7a1cbcfff0e3bd18_f002,4,1168,255,79,110,white,58.0909423828125,Man,99.36483764648438
original-64,7a1cbcfff0e3bd18,7a1cbcfff0e3bd18_f003,4,414,257,53,66,asian,38.837806701660156,Man,93.0428237915039
original-64,7a1cbcfff0e3bd18,7a1cbcfff0e3bd18_f004,4,266,289,56,69,asian,66.47547912597656,Man,94.23247528076172
original-64,ef4891b8f51ca811,ef4891b8f51ca811_f001,4,1147,189,99,147,white,91.69286346435547,Man,99.9173583984375
original-64,ef4891b8f51ca811,ef4891b8f51ca811_f002,4,307,210,92,130,white,88.34930419921875,Man,94.67886352539062
original-64,ef4891b8f51ca811,ef4891b8f51ca811_f003,4,568,281,91,127,asian,36.86102294921875,Woman,82.35191345214844
original-64,ef4891b8f51ca811,ef4891b8f51ca811_f004,4,856,308,94,125,indian,43.322139739990234,Woman,97.79817199707031
original-64,6e3b36d774e27cf7,6e3b36d774e27cf7_f001,4,237,211,160,228,white,97.32716369628906,Man,94.1976318359375
original-64,6e3b36d774e27cf7,6e3b36d774e27cf7_f002,4,1173,250,143,196,middle eastern,55.02323913574219,Man,99.98483276367188
original-64,6e3b36d774e27cf7,6e3b36d774e27cf7_f003,4,851,270,124,171,white,43.05464172363281,Woman,99.99705505371094
original-64,6e3b36d774e27cf7,6e3b36d774e27cf7_f004,4,549,271,128,179,black,76.96063232421875,Woman,97.87141418457031
original-64,06036836e0bc4698,06036836e0bc4698_f001,6,673,308,95,134,white,90.35169219970703,Man,91.02286529541016
original-64,06036836e0bc4698,06036836e0bc4698_f002,6,865,368,82,123,white,72.02149963378906,Woman,99.97894287109375
original-64,06036836e0bc4698,06036836e0bc4698_f003,6,1203,391,89,123,indian,47.54109191894531,Man,99.8994140625
original-64,06036836e0bc4698,06036836e0bc4698_f004,6,363,409,95,125,black,92.49674987792969,Woman,98.78870391845703
original-64,06036836e0bc4698,06036836e0bc4698_f005,6,147,455,49,61,asian,28.2906436920166,Man,91.46310424804688
original-64,06036836e0bc4698,06036836e0bc4698_f006,6,1103,461,45,55,asian,99.80022430419922,Woman,95.7877426147461
original-64,ee284f6c3048d7e9,ee284f6c3048d7e9_f001,4,491,255,100,143,white,41.48662185668945,Woman,93.79808807373047
original-64,ee284f6c3048d7e9,ee284f6c3048d7e9_f002,4,1189,285,123,199,white,99.43462371826172,Man,99.99896240234375
original-64,ee284f6c3048d7e9,ee284f6c3048d7e9_f003,4,231,308,113,155,black,59.271087646484375,Woman,98.99671936035156
original-64,ee284f6c3048d7e9,ee284f6c3048d7e9_f004,4,787,313,103,146,white,74.26761627197266,Woman,99.09854888916016
original-64,db1f421c0e2eb563,db1f421c0e2eb563_f001,5,371,103,108,165,white,98.12278747558594,Man,99.92259979248047
original-64,db1f421c0e2eb563,db1f421c0e2eb563_f002,5,1056,293,40,63,white,45.675270080566406,Man,79.37601470947266
original-64,db1f421c0e2eb563,db1f421c0e2eb563_f003,5,63,324,43,64,white,33.544803619384766,Man,79.8313980102539
original-64,db1f421c0e2eb563,db1f421c0e2eb563_f004,5,799,332,25,43,black,27.591758728027344,Man,73.92587280273438
original-64,db1f421c0e2eb563,db1f421c0e2eb563_f005,5,1061,389,104,140,white,49.98115539550781,Woman,99.98912811279297
original-64,c7a5b04603fba99d,c7a5b04603fba99d_f001,2,2648,618,35,50,black,97.06319427490234,Man,97.59307861328125
original-64,c7a5b04603fba99d,c7a5b04603fba99d_f002,2,2076,685,35,51,white,54.47603988647461,Man,79.4854736328125
original-64,ac87d2359fdbf9d2,ac87d2359fdbf9d2_f001,7,799,521,132,170,black,100.0,Man,98.0357437133789
original-64,ac87d2359fdbf9d2,ac87d2359fdbf9d2_f002,7,973,545,97,124,white,97.25042724609375,Woman,97.45321655273438
original-64,ac87d2359fdbf9d2,ac87d2359fdbf9d2_f003,7,2359,553,35,43,middle eastern,41.65205764770508,Man,94.50592041015625
original-64,ac87d2359fdbf9d2,ac87d2359fdbf9d2_f004,7,621,555,125,210,white,72.79939270019531,Man,98.00511932373047
original-64,ac87d2359fdbf9d2,ac87d2359fdbf9d2_f005,7,1759,577,108,122,middle eastern,53.116058349609375,Man,99.46821594238281
original-64,ac87d2359fdbf9d2,ac87d2359fdbf9d2_f006,7,1921,585,132,162,black,99.49217224121094,Man,91.28437042236328
original-64,ac87d2359fdbf9d2,ac87d2359fdbf9d2_f007,7,2077,666,187,198,middle eastern,27.064388275146484,Man,79.42911529541016
original-64,0ddc12a83a13e380,0ddc12a83a13e380_f001,9,2542,459,30,37,white,60.71564483642578,Man,98.84484100341797
original-64,0ddc12a83a13e380,0ddc12a83a13e380_f002,9,2517,535,30,40,white,46.00360107421875,Man,89.32926940917969
original-64,0ddc12a83a13e380,0ddc12a83a13e380_f003,9,1774,547,42,50,asian,90.8473129272461,Man,98.72640228271484
original-64,0ddc12a83a13e380,0ddc12a83a13e380_f004,9,362,553,43,53,asian,44.38965606689453,Man,99.34571075439453
original-64,0ddc12a83a13e380,0ddc12a83a13e380_f005,9,557,557,63,92,white,94.3630599975586,Man,92.39302825927734
original-64,0ddc12a83a13e380,0ddc12a83a13e380_f006,9,1136,572,48,63,asian,91.04521179199219,Man,99.99681854248047
original-64,0ddc12a83a13e380,0ddc12a83a13e380_f007,9,779,609,65,90,latino hispanic,28.18647575378418,Man,96.02117919921875
original-64,0ddc12a83a13e380,0ddc12a83a13e380_f008,9,2042,643,39,49,asian,51.071868896484375,Man,98.75642395019531
original-64,0ddc12a83a13e380,0ddc12a83a13e380_f009,9,2345,837,67,93,white,56.93415451049805,Man,93.49634552001953
original-64,3f69161b024967ab,3f69161b024967ab_f001,4,1963,680,109,151,black,99.9999008178711,Man,99.16481018066406
original-64,3f69161b024967ab,3f69161b024967ab_f002,4,788,694,105,155,white,96.86135864257812,Man,99.80326080322266
original-64,3f69161b024967ab,3f69161b024967ab_f003,4,1194,737,92,148,black,45.840484619140625,Man,89.94334411621094
original-64,3f69161b024967ab,3f69161b024967ab_f004,4,1628,811,97,134,white,99.94064331054688,Woman,99.99575805664062
original-64,bac3535007b0ba20,bac3535007b0ba20_f001,5,1832,271,129,152,asian,62.92743682861328,Man,93.40914916992188
original-64,bac3535007b0ba20,bac3535007b0ba20_f002,5,2023,333,124,171,white,54.05942153930664,Man,96.52425384521484
original-64,bac3535007b0ba20,bac3535007b0ba20_f003,5,854,430,129,186,latino hispanic,24.46367645263672,Man,93.75874328613281
original-64,bac3535007b0ba20,bac3535007b0ba20_f004,5,488,638,133,222,white,34.0657844543457,Man,79.33015441894531
original-64,bac3535007b0ba20,bac3535007b0ba20_f005,5,2119,655,160,274,white,36.60404586791992,Man,89.2628173828125
original-64,bc0aeade28a4f51b,bc0aeade28a4f51b_f001,8,590,682,62,83,black,99.99547576904297,Man,96.83133697509766
original-64,bc0aeade28a4f51b,bc0aeade28a4f51b_f002,8,422,705,63,79,black,100.0,Man,98.47117614746094
original-64,bc0aeade28a4f51b,bc0aeade28a4f51b_f003,8,2284,738,55,64,asian,41.32530975341797,Man,97.82664489746094
original-64,bc0aeade28a4f51b,bc0aeade28a4f51b_f004,8,1467,753,48,65,asian,49.552555084228516,Man,93.8579330444336
original-64,bc0aeade28a4f51b,bc0aeade28a4f51b_f005,8,1896,780,40,61,white,63.718101501464844,Man,96.29388427734375
original-64,bc0aeade28a4f51b,bc0aeade28a4f51b_f006,8,1298,782,52,71,asian,99.99993133544922,Woman,63.824642181396484
original-64,bc0aeade28a4f51b,bc0aeade28a4f51b_f007,8,2518,789,53,65,asian,49.618263244628906,Man,97.52505493164062
original-64,bc0aeade28a4f51b,bc0aeade28a4f51b_f008,8,2033,891,40,52,white,53.16978073120117,Man,99.10746002197266
original-64,39813e45c7fb9994,39813e45c7fb9994_f001,12,2063,326,49,69,white,94.72064971923828,Man,99.294677734375
original-64,39813e45c7fb9994,39813e45c7fb9994_f002,12,1138,358,52,64,black,100.0,Man,99.50172424316406
original-64,39813e45c7fb9994,39813e45c7fb9994_f003,12,728,367,50,70,white,99.95578002929688,Man,99.87391662597656
original-64,39813e45c7fb9994,39813e45c7fb9994_f004,12,1408,373,44,62,white,99.00712585449219,Woman,88.89104461669922
original-64,39813e45c7fb9994,39813e45c7fb9994_f005,12,1663,389,46,62,middle eastern,42.188201904296875,Man,53.97043228149414
original-64,39813e45c7fb9994,39813e45c7fb9994_f006,12,2304,486,63,86,black,54.009822845458984,Man,99.86669158935547
original-64,39813e45c7fb9994,39813e45c7fb9994_f007,12,483,519,62,89,black,99.97199249267578,Man,51.776588439941406
original-64,39813e45c7fb9994,39813e45c7fb9994_f008,12,2412,547,72,96,black,95.2635269165039,Man,99.00505828857422
original-64,39813e45c7fb9994,39813e45c7fb9994_f009,12,332,572,83,100,white,94.68927001953125,Woman,60.27219772338867
original-64,39813e45c7fb9994,39813e45c7fb9994_f010,12,200,633,67,111,black,33.428627014160156,Man,97.24481964111328
original-64,39813e45c7fb9994,39813e45c7fb9994_f011,12,2610,635,74,108,white,68.3299331665039,Man,99.6441421508789
original-64,39813e45c7fb9994,39813e45c7fb9994_f012,12,2145,985,118,202,white,31.65790367126465,Man,62.50360107421875
original-64,923df497a3e2a226,923df497a3e2a226_f001,7,1900,383,57,94,white,49.94904708862305,Man,96.750244140625
original-64,923df497a3e2a226,923df497a3e2a226_f002,7,2130,403,126,178,asian,51.20731735229492,Woman,53.66367721557617
original-64,923df497a3e2a226,923df497a3e2a226_f003,7,699,404,143,212,white,79.57653045654297,Woman,99.94725799560547
original-64,923df497a3e2a226,923df497a3e2a226_f004,7,1743,437,109,143,white,46.63795852661133,Woman,76.0696029663086
original-64,923df497a3e2a226,923df497a3e2a226_f005,7,1216,475,36,56,white,94.14514923095703,Man,83.19671630859375
original-64,923df497a3e2a226,923df497a3e2a226_f006,7,96,489,42,61,white,43.42955017089844,Man,83.49589538574219
original-64,923df497a3e2a226,923df497a3e2a226_f007,7,324,593,35,45,black,97.22909545898438,Man,57.993309020996094
original-64,8113f8ea9401fc06,8113f8ea9401fc06_f001,5,907,282,94,117,white,58.181983947753906,Woman,54.25665283203125
original-64,8113f8ea9401fc06,8113f8ea9401fc06_f002,5,462,328,168,227,white,95.81201934814453,Woman,75.84207153320312
original-64,8113f8ea9401fc06,8113f8ea9401fc06_f003,5,320,370,87,110,asian,26.31044578552246,Man,67.31398010253906
original-64,8113f8ea9401fc06,8113f8ea9401fc06_f004,5,13,394,144,194,white,99.74332427978516,Man,96.08259582519531
original-64,8113f8ea9401fc06,8113f8ea9401fc06_f005,5,862,423,110,132,white,28.77458381652832,Man,73.73533630371094
original-64,0196a8529162601a,0196a8529162601a_f001,2,297,373,139,178,white,86.79800415039062,Man,71.83464813232422
original-64,0196a8529162601a,0196a8529162601a_f002,2,569,395,139,151,white,33.229454040527344,Man,79.22321319580078
original-64,a39c294d4a200650,a39c294d4a200650_f001,3,482,152,82,114,latino hispanic,24.129026412963867,Man,99.51883697509766
original-64,a39c294d4a200650,a39c294d4a200650_f002,3,160,277,54,74,white,95.36458587646484,Man,98.53585052490234
original-64,a39c294d4a200650,a39c294d4a200650_f003,3,653,304,54,77,white,59.64275360107422,Man,66.506591796875
original-64,af57d1d4dab1bb5b,af57d1d4dab1bb5b_f001,2,645,332,47,60,latino hispanic,49.984378814697266,Man,97.46709442138672
original-64,af57d1d4dab1bb5b,af57d1d4dab1bb5b_f002,2,454,392,39,54,white,99.99622344970703,Woman,99.1366195678711
original-64,4c4f2ff3c4d2305f,4c4f2ff3c4d2305f_f001,3,488,372,106,147,white,99.77623748779297,Man,99.99539947509766
original-64,4c4f2ff3c4d2305f,4c4f2ff3c4d2305f_f002,3,876,438,105,133,white,83.57491302490234,Man,97.60833740234375
original-64,4c4f2ff3c4d2305f,4c4f2ff3c4d2305f_f003,3,221,454,62,100,white,52.23368453979492,Man,76.00289154052734
original-64,0d3904f8e9d6ef41,0d3904f8e9d6ef41_f001,3,619,154,164,223,white,28.024154663085938,Woman,72.95691680908203
original-64,0d3904f8e9d6ef41,0d3904f8e9d6ef41_f002,3,430,244,113,144,asian,98.72369384765625,Man,99.52849578857422
original-64,0d3904f8e9d6ef41,0d3904f8e9d6ef41_f003,3,303,314,91,117,asian,28.36246109008789,Man,98.65563201904297
original-64,0932925d833b3ec2,0932925d833b3ec2_f001,2,574,504,45,58,white,49.13159942626953,Woman,95.1563720703125
original-64,0932925d833b3ec2,0932925d833b3ec2_f002,2,286,513,47,69,white,87.52754974365234,Man,89.42424011230469
original-64,ddd3a4437f0b5f9f,ddd3a4437f0b5f9f_f001,1,415,351,144,198,white,99.5248031616211,Woman,99.57679748535156
original-64,48797c1c65ebc90b,48797c1c65ebc90b_f001,3,772,333,24,29,middle eastern,49.232051849365234,Man,97.99333953857422
original-64,48797c1c65ebc90b,48797c1c65ebc90b_f002,3,910,346,26,38,white,61.67070007324219,Man,94.65667724609375
original-64,48797c1c65ebc90b,48797c1c65ebc90b_f003,3,986,408,33,45,asian,26.722579956054688,Man,95.76231384277344
original-64,5438d204976df737,5438d204976df737_f001,4,336,492,78,85,middle eastern,70.32868194580078,Man,99.97579193115234
original-64,5438d204976df737,5438d204976df737_f002,4,61,575,83,105,white,94.5941390991211,Man,97.93968200683594
original-64,5438d204976df737,5438d204976df737_f003,4,616,618,78,92,white,39.76804733276367,Man,93.4258804321289
original-64,5438d204976df737,5438d204976df737_f004,4,786,621,78,115,white,92.62090301513672,Woman,78.73391723632812
original-64,47fd19d7e98c4884,47fd19d7e98c4884_f001,6,755,296,29,48,white,83.05696868896484,Man,96.7103500366211
original-64,47fd19d7e98c4884,47fd19d7e98c4884_f002,6,173,350,33,42,asian,51.47565460205078,Woman,97.32849884033203
original-64,47fd19d7e98c4884,47fd19d7e98c4884_f003,6,709,353,27,36,latino hispanic,30.713008880615234,Man,99.66309356689453
original-64,47fd19d7e98c4884,47fd19d7e98c4884_f004,6,286,364,38,43,latino hispanic,35.196533203125,Man,99.76828002929688
original-64,47fd19d7e98c4884,47fd19d7e98c4884_f005,6,512,374,28,38,white,60.23189926147461,Man,59.71086120605469
original-64,47fd19d7e98c4884,47fd19d7e98c4884_f006,6,85,433,19,25,white,28.308338165283203,Man,79.97543334960938
original-64,37d094867c4aae99,37d094867c4aae99_f001,4,627,506,31,46,white,76.13468170166016,Man,99.905029296875
original-64,37d094867c4aae99,37d094867c4aae99_f002,4,482,526,35,45,white,95.88134002685547,Man,99.42591094970703
original-64,37d094867c4aae99,37d094867c4aae99_f003,4,331,527,33,49,black,97.46507263183594,Man,99.63198852539062
original-64,37d094867c4aae99,37d094867c4aae99_f004,4,422,550,23,29,white,39.09368133544922,Man,90.62409973144531
original-64,845dfdfd8c75827c,845dfdfd8c75827c_f001,5,736,223,79,110,white,89.99261474609375,Man,58.5613899230957
original-64,845dfdfd8c75827c,845dfdfd8c75827c_f002,5,502,274,80,80,indian,51.42393112182617,Man,99.94495391845703
original-64,845dfdfd8c75827c,845dfdfd8c75827c_f003,5,317,290,82,84,white,69.53020477294922,Man,98.11984252929688
original-64,845dfdfd8c75827c,845dfdfd8c75827c_f004,5,905,443,83,143,white,39.37472152709961,Man,97.62983703613281
original-64,845dfdfd8c75827c,845dfdfd8c75827c_f005,5,105,456,66,102,white,46.82441329956055,Man,69.66735076904297
original-64,afa3d50ff8b9b952,afa3d50ff8b9b952_f001,7,751,586,21,31,middle eastern,44.623958587646484,Woman,96.51524353027344
original-64,afa3d50ff8b9b952,afa3d50ff8b9b952_f002,7,920,593,20,32,white,36.74420166015625,Man,66.76029205322266
original-64,afa3d50ff8b9b952,afa3d50ff8b9b952_f003,7,929,706,29,51,white,43.35927963256836,Man,82.93424224853516
original-64,afa3d50ff8b9b952,afa3d50ff8b9b952_f004,7,821,727,26,37,white,67.66322326660156,Man,86.16413116455078
original-64,afa3d50ff8b9b952,afa3d50ff8b9b952_f005,7,558,736,25,40,asian,46.419105529785156,Man,58.762229919433594
original-64,afa3d50ff8b9b952,afa3d50ff8b9b952_f006,7,266,744,34,35,white,25.548328399658203,Man,93.61468505859375
original-64,afa3d50ff8b9b952,afa3d50ff8b9b952_f007,7,368,784,24,34,white,52.51262283325195,Man,79.49130249023438
original-64,fdee70e14bdb5f28,fdee70e14bdb5f28_f001,9,662,220,23,30,white,91.75931549072266,Woman,73.24180603027344
original-64,fdee70e14bdb5f28,fdee70e14bdb5f28_f002,9,582,222,23,28,white,50.384979248046875,Man,52.46110534667969
original-64,fdee70e14bdb5f28,fdee70e14bdb5f28_f003,9,790,223,27,36,white,72.03128814697266,Woman,75.69685363769531
original-64,fdee70e14bdb5f28,fdee70e14bdb5f28_f004,9,170,235,27,36,middle eastern,36.751075744628906,Man,98.42750549316406
original-64,fdee70e14bdb5f28,fdee70e14bdb5f28_f005,9,301,249,26,34,white,61.42005920410156,Man,70.34842681884766
original-64,fdee70e14bdb5f28,fdee70e14bdb5f28_f006,9,64,253,25,44,white,50.98223114013672,Man,90.49862670898438
original-64,fdee70e14bdb5f28,fdee70e14bdb5f28_f007,9,258,401,65,89,latino hispanic,26.537874221801758,Woman,91.80579376220703
original-64,fdee70e14bdb5f28,fdee70e14bdb5f28_f008,9,942,409,46,62,white,66.0906753540039,Woman,99.73477172851562
original-64,fdee70e14bdb5f28,fdee70e14bdb5f28_f009,9,191,587,50,92,white,62.54380798339844,Man,69.67957305908203
original-64,ae681aa7887179a0,ae681aa7887179a0_f001,7,241,181,78,114,white,66.5027847290039,Man,91.6800537109375
original-64,ae681aa7887179a0,ae681aa7887179a0_f002,7,119,221,45,52,white,40.846988677978516,Man,86.83470916748047
original-64,ae681aa7887179a0,ae681aa7887179a0_f003,7,52,234,26,41,white,25.57062530517578,Man,72.71065521240234
original-64,ae681aa7887179a0,ae681aa7887179a0_f004,7,436,267,47,52,white,55.1786003112793,Woman,88.47886657714844
original-64,ae681aa7887179a0,ae681aa7887179a0_f005,7,515,287,39,60,white,40.84095001220703,Man,65.44544982910156
original-64,ae681aa7887179a0,ae681aa7887179a0_f006,7,992,289,21,30,asian,23.561424255371094,Woman,71.47763061523438
original-64,ae681aa7887179a0,ae681aa7887179a0_f007,7,816,295,86,116,white,60.16759490966797,Woman,99.99859619140625
